city_name,ori,population,custodial_arrests,group_b_arrests
 ,NJNDRPA00,0,276,679
 ,NJ0034100,0,0,0
 ,NJ0225500,0,0,0
ABSECON,NJ0011100,37910,259,259
ABSECON,NJ0010100,9135,120,59
ALPINE,NJNPIPP00,0,9,16
ALPINE,NJ0020200,1783,2,9
AUDUBON,NJ0040100,8911,77,126
AUDUBON,NJ0040200,1013,0,0
BEACH HAVEN,NJ0150300,1104,21,29
BEACH HAVEN,NJ0150900,409,1,5
BELMAR,NJ0130700,5792,0,0
BELMAR,NJ0134700,1655,0,0
BELVIDERE,NJ0210000,0,0,0
BELVIDERE,NJ0210300,2542,0,0
BELVIDERE,NJ0218900,0,0,0
BEVERLY,NJ0031200,9005,34,15
BEVERLY,NJ0030200,2520,11,11
BOONTON,NJ0140100,9023,34,95
BOONTON,NJ0140200,4521,2,17
BORDENTOWN,NJ0030400,12126,99,71
BORDENTOWN,NJ0030300,4031,36,18
BRIDGETON,NJ0060100,26634,369,269
BRIDGETON,NJ0060000,0,0,0
BRIDGETON,NJ0068900,0,0,0
BURLINGTON,NJ0030500,10125,189,138
BURLINGTON,NJ0030600,24155,168,237
CALIFON,NJ0100400,1016,0,0
CALIFON,NJ0102400,5899,0,0
CAMDEN,NJ0040000,0,74,764
CAMDEN,NJ0043900,0,13,10
CAMDEN,NJ0040800,72435,0,0
CAMDEN,NJ0048900,0,0,0
CAPE MAY,NJ0050500,21848,159,148
CAPE MAY,NJ0050200,2755,11,66
CAPE MAY,NJ0051200,1002,1,3
CAPE MAY,NJ0050000,0,0,0
CAPE MAY,NJ0050300,298,0,0
CAPE MAY COURT HOUSE,NJ0050600,20144,383,276
CAPE MAY COURT HOUSE,NJ0051600,2138,0,0
CAPE MAY COURT HOUSE,NJ0058900,0,0,0
CHATHAM,NJ0140500,11424,11,23
CHATHAM,NJ0140400,9505,0,0
CHESTER,NJ0140600,1718,0,0
CHESTER,NJ0140700,7875,0,0
CRANBURY,NJ0120200,4068,10,43
CRANBURY,NJ013SP00,34873,0,0
CRANBURY,NJ015SP00,0,0,0
CRANBURY,NJ012SP00,0,0,0
DEAL,NJ0131000,885,5,59
DEAL,NJ0132400,222,3,12
EDISON,NJ0122600,0,1,0
EDISON,NJ0120500,109086,0,0
ELIZABETH,NJ0200400,138500,1477,480
ELIZABETH,NJ0200000,0,1,123
ELIZABETH,NJ0208900,0,0,0
FLEMINGTON,NJ0108900,0,0,0
FLEMINGTON,NJ0100000,0,0,0
FLEMINGTON,NJ0100900,4914,0,0
FLEMINGTON,NJ0102100,25018,0,0
FREEHOLD,NJ0131600,35576,160,209
FREEHOLD,NJ0131500,12403,118,151
FREEHOLD,NJ0130000,0,0,0
FREEHOLD,NJ0138900,0,0,0
GLASSBORO,NJ0080600,24793,126,480
GLASSBORO,NJ0082600,0,30,139
GLOUCESTER CITY,NJ0040700,1855,92,79
GLOUCESTER CITY,NJ0041400,11769,0,0
HACKENSACK,NJ0022300,46667,273,139
HACKENSACK,NJ0028900,0,0,0
HACKENSACK,NJ0020000,0,0,0
HADDONFIELD,NJ0041700,12856,55,22
HADDONFIELD,NJ0043300,7,0,0
HAMBURG,NJ0191100,8510,22,15
HAMBURG,NJ0190900,3354,17,39
HAMILTON,NJ010SP00,32912,0,0
HAMILTON,NJ011SP00,0,0,0
HAMILTON,NJ003SP00,44483,0,0
HAMMONTON,NJ0043600,40970,274,348
HAMMONTON,NJ0011300,14832,0,0
HANCOCKS BRIDGE,NJ0170400,1742,2,4
HANCOCKS BRIDGE,NJ0170300,1008,0,0
HOBOKEN,NJ0090500,57293,506,337
HOBOKEN,NJ009149E,0,0,0
JAMESBURG,NJ0120800,5851,0,0
JAMESBURG,NJ0121300,49652,0,0
JERSEY CITY,NJ0090600,297922,2266,550
JERSEY CITY,NJNYPOA00,0,767,535
JERSEY CITY,NJ0090000,0,0,0
JERSEY CITY,NJ0098900,0,0,0
LAMBERTVILLE,NJ0102600,3026,0,0
LAMBERTVILLE,NJ0101700,4166,0,0
LITTLE FERRY,NJ0023000,11138,13,34
LITTLE FERRY,NJ0026200,73,0,0
LONG BEACH TOWNSHIP,NJ0151700,3220,16,105
LONG BEACH TOWNSHIP,NJ0150100,671,0,0
MAPLEWOOD,NJ0073200,0,1103,1478
MAPLEWOOD,NJ0071100,25786,27,19
MATAWAN,NJ0133000,19211,118,118
MATAWAN,NJ0132900,9757,0,0
MAYS LANDING,NJ0011200,28528,248,141
MAYS LANDING,NJ0018900,0,0,0
MAYS LANDING,NJ0010000,0,0,701
MEDFORD,NJ0032100,25176,84,113
MEDFORD,NJ0032200,4300,7,4
MORRISTOWN,NJ0142400,21172,192,451
MORRISTOWN,NJ0142200,24191,24,190
MORRISTOWN,NJ0140000,0,0,0
MORRISTOWN,NJ0148900,0,0,0
MORRISTOWN,NJ0149100,0,0,0
MOUNT HOLLY,NJ0032400,10213,131,46
MOUNT HOLLY,NJ0031100,6524,27,77
MOUNT HOLLY,NJ0030000,0,0,0
MOUNT HOLLY,NJ0038900,0,0,0
NEW BRUNSWICK,NJ0121400,57259,467,405
NEW BRUNSWICK,NJ0123000,0,34,65
NEW BRUNSWICK,NJ0120000,0,0,0
NEW BRUNSWICK,NJ0128900,0,0,0
NEWARK,NJNPD0000,309708,4842,1789
NEWARK,NJ0073000,0,49,67
NEWARK,NJ0072700,0,14,25
NEWARK,NJ0073100,0,1,2
NEWARK,NJ0070000,0,0,0
NEWARK,NJ0072400,0,0,0
NEWARK,NJ0078900,0,0,0
NEWTON,NJ0191500,8206,23,103
NEWTON,NJ0190200,5524,12,23
NEWTON,NJ0190000,0,0,0
NEWTON,NJ0192000,4088,0,0
NEWTON,NJ0198900,0,0,0
NORTH WILDWOOD,NJ0050700,3574,80,156
NORTH WILDWOOD,NJ0051300,542,0,3
NORTHVALE,NJ0024000,4945,15,7
NORTHVALE,NJ0025500,415,0,0
OAKLYN,NJ0042600,4031,17,49
OAKLYN,NJ0043700,2975,0,0
PATERSON,NJ0160800,158903,1632,377
PATERSON,NJ0160300,8964,94,39
PATERSON,NJ0161200,10941,82,37
PATERSON,NJ0168900,0,0,0
PEMBERTON,NJ0033000,27062,405,428
PEMBERTON,NJ0032900,1379,9,51
PENNS GROVE,NJ0170800,4872,47,38
PENNS GROVE,NJ0171300,8641,23,72
PHILLIPSBURG,NJ0210200,2355,0,0
PHILLIPSBURG,NJ0211500,9660,0,0
PHILLIPSBURG,NJ0211900,15363,0,0
PHILLIPSBURG,NJ0212000,3288,0,0
PINE HILL,NJ0042800,11028,89,60
PINE HILL,NJ0042900,8,0,0
PRINCETON,NJ0115000,0,56,31
PRINCETON,NJ0111000,30838,49,97
PT PLEASANT,NJ0152500,5062,35,245
PT PLEASANT,NJ0152400,20068,0,0
ROCKAWAY,NJ0143500,27294,78,51
ROCKAWAY,NJ0143400,6744,0,0
SALEM,NJ0171200,5334,138,112
SALEM,NJ0178900,0,0,0
SALEM,NJ0170000,0,0,85
SOMERDALE,NJ0043100,5693,158,38
SOMERDALE,NJ0041900,949,0,0
SOMERVILLE,NJ0181800,15122,54,61
SOMERVILLE,NJ0180000,0,0,0
SOMERVILLE,NJ0188900,0,0,0
SOMERVILLE,NJ018SP00,0,0,0
SPRING LAKE,NJ0134800,2740,0,0
SPRING LAKE,NJ0134900,4818,0,0
STANHOPE,NJ0190400,8202,6,23
STANHOPE,NJ0191900,3595,5,13
TITUSVILLE,NJ0110600,17740,42,55
TITUSVILLE,NJ0110500,1933,3,4
TOMS RIVER,NJ0150700,102734,690,367
TOMS RIVER,NJ0152900,3858,57,120
TOMS RIVER,NJ0158900,0,0,0
TOMS RIVER,NJ0150000,0,0,0
TOTOWA,NJ016SP00,0,0,0
TOTOWA,NJ019SP00,47386,0,0
TOTOWA,NJ007SP00,0,0,0
TOTOWA,NJ020SP00,0,0,0
TOTOWA,NJ009SP00,0,0,0
TOTOWA,NJ021SP00,29539,0,0
TOTOWA,NJ002SP00,0,0,0
TOTOWA,NJ014SP00,1618,0,0
TRENTON,NJ0110300,93487,694,493
TRENTON,NJ0110200,34718,177,370
TRENTON,NJ0030700,9299,10,8
TRENTON,NJ0110000,0,7,308
TRENTON,NJ0111700,0,0,0
TRENTON,NJ0118900,0,0,0
TRENTON,NJ0225000,0,0,0
TRENTON,NJ0111500,0,0,0
TRENTON,NJ0225100,0,0,0
TRENTON,NJ0225400,0,0,0
TRENTON,NJ0111400,0,0,0
TRENTON,NJNSP0000,0,0,0
TRENTON,NJ0111100,91236,0,0
UNION,NJ0201900,62290,547,389
UNION,NJ0202400,0,2,8
WASHINGTON,NJ0212100,7353,0,0
WASHINGTON,NJ0212200,6878,0,0
WAYNE,NJ0161400,53295,623,225
WAYNE,NJ0160000,0,21,968
WAYNE,NJ0161700,0,0,0
WEST LONG BRANCH,NJ0135300,8545,0,0
WEST LONG BRANCH,NJ013559E,0,0,0
WEST NEW YORK,NJ0091200,51260,235,151
WEST NEW YORK,NJ0090300,11426,132,184
WESTFIELD,NJ0202000,31111,51,62
WESTFIELD,NJ0209100,0,16,38
WESTWOOD,NJ0026700,11441,19,24
WESTWOOD,NJ0024300,6282,7,10
WHARTON,NJ0143900,7539,25,89
WHARTON,NJ0142000,4093,2,11
WILDWOOD,NJ0051400,5118,155,219
WILDWOOD,NJ0051500,3052,69,77
WILLIAMSTOWN,NJ0081100,38785,338,357
WILLIAMSTOWN,NJ006SP00,40367,0,0
WILLIAMSTOWN,NJ001SP00,20867,0,0
WILLIAMSTOWN,NJ004SP00,0,0,0
WILLIAMSTOWN,NJ008SP00,0,0,0
WILLIAMSTOWN,NJ017SP00,27428,0,0
WILLIAMSTOWN,NJ005SP00,22824,0,0
WOODBURY,NJ0080200,33125,119,77
WOODBURY,NJ0082200,10317,97,35
WOODBURY,NJ0080000,0,0,0
WOODBURY,NJ0088900,0,0,0
